{"train_loss": 1.1557472944259644, "epoch": 2, "steps": 1000, "_timestamp": 1650598456, "_runtime": 271, "_step": 1002, "valid bleu-1": 0.5202155113220215, "valid bleu-2": 0.47301260630289715, "valid bleu-3": 0.43136390050252277, "valid bleu-4": 0.3966496255662706, "valid rouge-1": 0.618414666917589, "valid rouge-2": 0.5264156659444174, "valid rouge-l": 0.6081867747836642, "valid_loss": 1.0222761895921495, "_wandb": {"runtime": 273}}