{"train_loss": 0.2869512438774109, "epoch": 6, "steps": 3402, "_timestamp": 1650600670, "_runtime": 931, "_step": 3419, "valid bleu-1": 0.6074186960856119, "valid bleu-2": 0.5589557223849826, "valid bleu-3": 0.5171856350368924, "valid bleu-4": 0.48765108320448136, "valid rouge-1": 0.7024408446417915, "valid rouge-2": 0.6061442693074545, "valid rouge-l": 0.6880166795518663, "valid_loss": 0.879896922243966, "_wandb": {"runtime": 932}}