{"train_loss": 0.06190497800707817, "epoch": 6, "steps": 3402, "_timestamp": 1650599720, "_runtime": 936, "_step": 3419, "valid bleu-1": 0.572394953833686, "valid bleu-2": 0.518950515323215, "valid bleu-3": 0.4757165378994412, "valid bleu-4": 0.42837410502963597, "valid rouge-1": 0.6829539404975044, "valid rouge-2": 0.575077109866672, "valid rouge-l": 0.6572447352939181, "valid_loss": 1.1138808859719171, "_wandb": {"runtime": 937}}