{"train_loss": 2.9626266956329346, "epoch": 0, "steps": 50, "_timestamp": 1650527976, "_runtime": 49, "_step": 61, "valid bleu-1": 0.3370206620958116, "valid bleu-2": 0.28195908334520126, "valid bleu-3": 0.24153931935628256, "valid bleu-4": 0.21055636141035292, "valid rouge-1": 0.4656823476155599, "valid rouge-2": 0.347001314163208, "valid rouge-l": 0.4521535237630208, "valid_loss": 1.6200998226801555, "_wandb": {"runtime": 54}}