{"train_loss": 7.104325771331787, "epoch": 1, "steps": 972, "_timestamp": 1650512494, "_runtime": 266, "_step": 974, "valid bleu-1": 0.06968986325793797, "valid bleu-2": 0.010109013153447045, "valid bleu-3": 0.0, "valid bleu-4": 0.0, "valid rouge-1": 0.10788520177205403, "valid rouge-2": 0.011465410391489664, "valid rouge-l": 0.10284123818079631, "valid_loss": 6.5211274358961315, "_wandb": {"runtime": 277}}