{"train_loss": 0.015606432221829891, "epoch": 6, "steps": 3402, "_timestamp": 1650524768, "_runtime": 942, "_step": 3419, "valid bleu-1": 0.5688459078470866, "valid bleu-2": 0.5136715041266547, "valid bleu-3": 0.46615007188585067, "valid bleu-4": 0.4239690038892958, "valid rouge-1": 0.6776000128851997, "valid rouge-2": 0.5669895807902018, "valid rouge-l": 0.6476546393500434, "valid_loss": 1.1678001681963603, "_wandb": {"runtime": 953}}