{"train_loss": 0.39543381333351135, "epoch": 2, "steps": 1000, "_timestamp": 1650598748, "_runtime": 271, "_step": 1002, "valid bleu-1": 0.527276337146759, "valid bleu-2": 0.47436681389808655, "valid bleu-3": 0.4347366690635681, "valid bleu-4": 0.39455217123031616, "valid rouge-1": 0.6387489438056946, "valid rouge-2": 0.5292598009109497, "valid rouge-l": 0.6289076209068298, "valid_loss": 1.0709788426756859, "_wandb": {"runtime": 273}}