{"train_loss": 0.22924739122390747, "epoch": 6, "steps": 3402, "_timestamp": 1650603521, "_runtime": 931, "_step": 3419, "valid bleu-1": 0.5739963395254952, "valid bleu-2": 0.5241381440843854, "valid bleu-3": 0.4733774321419852, "valid bleu-4": 0.42038192067827496, "valid rouge-1": 0.6676113946097237, "valid rouge-2": 0.565577472959246, "valid rouge-l": 0.6542438098362514, "valid_loss": 1.1234412022999354, "_wandb": {"runtime": 933}}