{"train_loss": 1.2802226543426514, "epoch": 8, "steps": 4000, "_timestamp": 1650452881, "_runtime": 1129, "_step": 4020, "valid bleu-1": 0.4305683241950141, "valid bleu-2": 0.3721913496653239, "valid bleu-3": 0.3353142473432753, "valid bleu-4": 0.29962566163804794, "valid rouge-1": 0.5412662823994955, "valid rouge-2": 0.4252602789137099, "valid rouge-l": 0.5223703914218478, "valid_loss": 1.296213189760844}