{"train_loss": 0.5575689077377319, "epoch": 6, "steps": 3402, "_timestamp": 1650602570, "_runtime": 934, "_step": 3419, "valid bleu-1": 0.6058023571968079, "valid bleu-2": 0.5601736903190613, "valid bleu-3": 0.5142881870269775, "valid bleu-4": 0.47228753566741943, "valid rouge-1": 0.7023642659187317, "valid rouge-2": 0.6053240299224854, "valid rouge-l": 0.6820982694625854, "valid_loss": 0.968587763607502, "_wandb": {"runtime": 934}}