{"train_loss": 0.08968636393547058, "epoch": 6, "steps": 3402, "_timestamp": 1650601616, "_runtime": 927, "_step": 3419, "valid bleu-1": 0.5855716466903687, "valid bleu-2": 0.535017728805542, "valid bleu-3": 0.48906952142715454, "valid bleu-4": 0.449540913105011, "valid rouge-1": 0.6877750158309937, "valid rouge-2": 0.5850683450698853, "valid rouge-l": 0.6698512434959412, "valid_loss": 0.9462097696959972, "_wandb": {"runtime": 929}}