{"train_loss": 6.462439060211182, "epoch": 4, "steps": 2430, "_timestamp": 1650508499, "_runtime": 679, "_step": 2441, "valid bleu-1": 0.0586014986038208, "valid bleu-2": 0.0073894742462370135, "valid bleu-3": 0.0009411663437883059, "valid bleu-4": 0.0, "valid rouge-1": 0.1024297210905287, "valid rouge-2": 0.009385271204842461, "valid rouge-l": 0.09632639090220134, "valid_loss": 6.570354355706109, "_wandb": {"runtime": 699}}