{"train_loss": 0.006240088492631912, "epoch": 9, "steps": 4860, "_timestamp": 1650463885, "_runtime": 1329, "_step": 4886, "valid bleu-1": 0.5448170767890083, "valid bleu-2": 0.49426306618584526, "valid bleu-3": 0.451464229159885, "valid bleu-4": 0.41309555371602374, "valid rouge-1": 0.6571867201063368, "valid rouge-2": 0.5528904596964518, "valid rouge-l": 0.6355417569478353, "valid_loss": 1.3248832755618625, "_wandb": {"runtime": 1350}}