{"train_loss": 1.3500511646270752, "epoch": 2, "steps": 1099, "_timestamp": 1650519422, "_runtime": 306, "_step": 1104, "valid bleu-1": 0.5582868258158366, "valid bleu-2": 0.5043986638387045, "valid bleu-3": 0.4615698390536838, "valid bleu-4": 0.4233848518795437, "valid rouge-1": 0.6728939480251737, "valid rouge-2": 0.5622600979275174, "valid rouge-l": 0.6517082850138346, "valid_loss": 1.038716150654687, "_wandb": {"runtime": 307}}