{"train_loss": 1.0434558391571045, "epoch": 1, "steps": 972, "_timestamp": 1650527211, "_runtime": 262, "_step": 974, "valid bleu-1": 0.5038778516981337, "valid bleu-2": 0.4523908827039931, "valid bleu-3": 0.4051092465718587, "valid bleu-4": 0.3628566000196669, "valid rouge-1": 0.6111027929517958, "valid rouge-2": 0.5041114489237467, "valid rouge-l": 0.596552848815918, "valid_loss": 0.9740758008427091, "_wandb": {"runtime": 274}}