{"train_loss": 0.7707698345184326, "epoch": 0, "steps": 2, "_timestamp": 1649223374, "_runtime": 239, "_step": 2, "test_f1": 0.34999399674399717, "test_acc": 0.4535416666666667, "_wandb": {"runtime": 244}}