{"train_loss": 0.42416974902153015, "epoch": 2, "steps": 1000, "_timestamp": 1650598165, "_runtime": 266, "_step": 1002, "valid bleu-1": 0.4823651843600803, "valid bleu-2": 0.42484913931952584, "valid bleu-3": 0.3793561988406711, "valid bleu-4": 0.342787053849962, "valid rouge-1": 0.5851785871717665, "valid rouge-2": 0.46952735053168404, "valid rouge-l": 0.5664990213182237, "valid_loss": 1.0193675292862787, "_wandb": {"runtime": 267}}