{"train_loss": 0.5164453387260437, "epoch": 9, "steps": 4860, "_timestamp": 1650287231, "_runtime": 6999, "_step": 24434, "valid bleu-1": 0.024581868733678545, "valid bleu-2": 0.0, "valid bleu-3": 0.0, "valid bleu-4": 0.0, "valid rouge-1": 0.024581868733678545, "valid rouge-2": 0.0, "valid rouge-l": 0.024581868733678545, "valid_loss": 0.9643644775663104, "_wandb": {"runtime": 7011}}