{"train_loss": 2.7974905967712402, "epoch": 0, "steps": 455, "_timestamp": 1650597813, "_runtime": 126, "_step": 457, "valid bleu-1": 0.5060556199815538, "valid bleu-2": 0.4543178346421983, "valid bleu-3": 0.41781674491034615, "valid bleu-4": 0.37594591246710884, "valid rouge-1": 0.6060665978325738, "valid rouge-2": 0.5031725565592448, "valid rouge-l": 0.5925671259562174, "valid_loss": 0.9947127434942458, "_wandb": {"runtime": 126}}