{"train_loss": 0.4104486107826233, "epoch": 4, "steps": 2430, "_timestamp": 1650521112, "_runtime": 678, "_step": 2441, "valid bleu-1": 0.5746683014763726, "valid bleu-2": 0.5207010375128852, "valid bleu-3": 0.4760997560289171, "valid bleu-4": 0.42932597796122235, "valid rouge-1": 0.680554125044081, "valid rouge-2": 0.5741879675123427, "valid rouge-l": 0.6619798872205946, "valid_loss": 1.137679351700677, "_wandb": {"runtime": 700}}